<TICKER>,<PER>,<DATE>,<TIME>,<OPEN>,<HIGH>,<LOW>,<CLOSE>,<VOL>
SBER,60,20220103,080000,295.9000000,296.1000000,294.3400000,295.1000000,1053730
SBER,60,20220103,090000,295.0900000,296.8000000,294.9000000,296.5500000,1282050
SBER,60,20220103,100000,296.5500000,296.9500000,295.8600000,296.6000000,1164060
SBER,60,20220103,110000,296.5700000,301.2000000,296.4500000,300.2500000,9537250
SBER,60,20220103,120000,300.2000000,303.4300000,299.1100000,301.0500000,9255030
SBER,60,20220103,130000,301.0500000,301.4000000,300.3000000,301.0000000,2936640
SBER,60,20220103,140000,300.9800000,302.3900000,300.3600000,302.2000000,4234560
SBER,60,20220103,150000,302.1400000,302.3400000,300.0500000,301.2700000,3125010
SBER,60,20220103,160000,301.2300000,302.1000000,300.7800000,301.8900000,1762430
SBER,60,20220103,170000,301.8900000,302.4700000,301.5100000,302.1200000,1996600
SBER,60,20220103,180000,302.1500000,303.8800000,301.9000000,302.9200000,5205930
SBER,60,20220103,190000,303.0000000,303.8700000,302.7000000,302.7000000,3374540
SBER,60,20220103,200000,303.0900000,303.3700000,302.6000000,303.0400000,816880
SBER,60,20220103,210000,302.9000000,303.7400000,302.7800000,303.3600000,901640
SBER,60,20220103,220000,303.3600000,303.5000000,303.1200000,303.4500000,517950
SBER,60,20220103,230000,303.5000000,304.9000000,303.2200000,304.7500000,1087840
SBER,60,20220104,000000,304.7500000,305.5000000,304.0100000,305.4700000,1904120
SBER,60,20220104,080000,305.5100000,309.7800000,305.5000000,308.2300000,3885510
SBER,60,20220104,090000,308.3400000,309.7000000,308.1900000,309.1000000,1863700
SBER,60,20220104,100000,309.0700000,310.1000000,308.3500000,308.4400000,3224520
SBER,60,20220104,110000,308.3700000,308.8000000,304.5100000,306.1400000,8396660
SBER,60,20220104,120000,306.1100000,306.9900000,301.6300000,303.0000000,9943750
SBER,60,20220104,130000,303.0900000,305.8500000,302.8200000,305.5900000,4672910
SBER,60,20220104,140000,305.6100000,306.8900000,305.0000000,306.0000000,5315090
SBER,60,20220104,150000,305.9000000,306.3500000,304.8000000,304.8800000,2476810
SBER,60,20220104,160000,304.9200000,305.0000000,302.8800000,304.0300000,3606970
SBER,60,20220104,170000,304.0600000,304.6700000,303.7400000,304.0200000,1706170
SBER,60,20220104,180000,304.0200000,305.7000000,303.2700000,305.3000000,2325710
SBER,60,20220104,190000,305.3000000,305.4300000,304.5200000,305.2200000,1947000
SBER,60,20220104,200000,304.5200000,304.8500000,303.5200000,304.2900000,1470880
SBER,60,20220104,210000,304.3900000,304.9600000,304.1000000,304.5400000,523910
SBER,60,20220104,220000,304.6000000,304.6400000,303.9100000,303.9100000,709020
SBER,60,20220104,230000,303.9100000,304.7600000,303.7000000,304.5500000,562410
SBER,60,20220105,000000,304.5000000,304.9500000,304.0200000,304.2400000,637200
SBER,60,20220105,080000,303.5600000,304.2600000,302.0100000,302.3900000,1466630
SBER,60,20220105,090000,302.5500000,302.9200000,300.7100000,301.9600000,1783210
SBER,60,20220105,100000,301.9500000,302.8800000,301.5000000,302.8000000,995150
SBER,60,20220105,110000,302.7700000,304.1900000,301.8500000,303.5500000,2414530
SBER,60,20220105,120000,303.5900000,304.0500000,301.5000000,302.0700000,3446690
SBER,60,20220105,130000,302.0500000,302.7000000,301.7600000,302.2100000,1609330
SBER,60,20220105,140000,302.1800000,302.3500000,301.2200000,301.2400000,2395950
SBER,60,20220105,150000,301.2200000,301.3500000,298.3000000,298.3200000,7830270
SBER,60,20220105,160000,298.3200000,299.9200000,298.2000000,299.7700000,2532790
SBER,60,20220105,170000,299.7900000,300.1900000,299.1300000,299.6000000,1807380
SBER,60,20220105,180000,299.5900000,299.7600000,298.0000000,298.7700000,4650000
SBER,60,20220105,190000,298.8100000,299.0000000,297.0600000,297.8300000,6840230
SBER,60,20220105,200000,297.8500000,298.4000000,296.2600000,297.2300000,2825400
SBER,60,20220105,210000,297.1100000,297.7700000,295.8200000,296.4800000,2194470
SBER,60,20220105,220000,296.4900000,296.4900000,292.5500000,293.0300000,5892790
SBER,60,20220105,230000,293.0000000,293.2200000,287.1700000,287.9800000,13673740
SBER,60,20220106,000000,287.9900000,291.1500000,287.0000000,287.0100000,7657380
SBER,60,20220106,080000,286.8600000,291.7000000,281.0000000,291.4000000,7987670
SBER,60,20220106,090000,291.3900000,293.7300000,290.2700000,290.5100000,4320110
SBER,60,20220106,100000,290.5600000,293.8300000,290.0500000,292.4800000,2963350
SBER,60,20220106,110000,292.3200000,295.1000000,289.3000000,291.1000000,11191140
SBER,60,20220106,120000,291.1000000,292.3500000,287.4200000,288.6500000,10707860
SBER,60,20220106,130000,288.6500000,291.8900000,288.1300000,290.7300000,6489860
SBER,60,20220106,140000,290.7300000,294.4400000,290.5000000,293.1200000,7352030
SBER,60,20220106,150000,293.1200000,293.5000000,291.1700000,291.9400000,4831150
SBER,60,20220106,160000,291.9400000,292.5100000,291.5100000,291.7400000,2830340
SBER,60,20220106,170000,291.7300000,292.6600000,290.5400000,292.3000000,3947900
SBER,60,20220106,180000,292.3000000,293.2700000,291.2900000,291.4800000,5409520
SBER,60,20220106,190000,291.4700000,292.0600000,291.0000000,291.6900000,4398230
SBER,60,20220106,200000,291.8800000,293.9000000,289.8800000,292.9500000,2944740
SBER,60,20220106,210000,292.8800000,293.4000000,292.3600000,292.9500000,1221220
SBER,60,20220106,220000,292.9600000,293.0700000,292.4000000,292.6900000,644300
SBER,60,20220106,230000,292.6900000,294.1700000,292.5500000,293.8300000,1069650
SBER,60,20220107,000000,293.8300000,294.7800000,293.5000000,293.9200000,1020340
SBER,60,20220110,080000,295.5300000,298.6800000,295.1900000,298.6400000,3238250
SBER,60,20220110,090000,298.6400000,298.8800000,297.1000000,297.8100000,1448360
SBER,60,20220110,100000,297.8000000,297.8800000,296.1900000,297.1000000,1865360
SBER,60,20220110,110000,297.1000000,298.5000000,296.5100000,296.7500000,4904280
SBER,60,20220110,120000,296.7500000,296.8500000,293.0000000,293.5400000,11915620
SBER,60,20220110,130000,293.5000000,294.7000000,293.3200000,294.0800000,4984530
SBER,60,20220110,140000,294.0700000,294.4100000,292.6300000,293.0500000,4663250
SBER,60,20220110,150000,293.0000000,293.5000000,292.0200000,292.6900000,2525250
SBER,60,20220110,160000,292.6900000,292.8900000,289.6000000,290.5000000,7348880
SBER,60,20220110,170000,290.5000000,291.8800000,290.0100000,291.4900000,4649430
SBER,60,20220110,180000,291.4900000,291.9900000,289.1200000,289.6400000,6223170
SBER,60,20220110,190000,289.5200000,289.8800000,288.7400000,288.9500000,6717580
SBER,60,20220110,200000,288.9000000,291.9600000,288.6800000,291.7600000,2686090
SBER,60,20220110,210000,291.7700000,291.9600000,290.5900000,291.7000000,1283830
SBER,60,20220110,220000,291.7200000,293.0000000,291.5900000,292.8700000,1304900
SBER,60,20220110,230000,292.8700000,293.0000000,292.2200000,292.4400000,908380
SBER,60,20220111,000000,292.4400000,292.7500000,291.3000000,291.6900000,726560
SBER,60,20220111,080000,292.9300000,293.9400000,290.5500000,291.6200000,1402240
SBER,60,20220111,090000,291.6200000,292.7800000,291.1200000,291.2700000,673200
SBER,60,20220111,100000,291.2700000,292.0700000,290.6000000,290.7000000,1043740
SBER,60,20220111,110000,290.7000000,292.8800000,290.0000000,292.1700000,6489770
SBER,60,20220111,120000,292.3000000,292.4900000,290.6300000,291.6800000,5590950
SBER,60,20220111,130000,291.6800000,292.1500000,291.1500000,291.2200000,2990370
SBER,60,20220111,140000,291.2200000,291.5300000,291.0000000,291.3700000,2872920
SBER,60,20220111,150000,291.3700000,291.4700000,290.0000000,290.7700000,6738580
SBER,60,20220111,160000,290.7800000,291.6900000,290.2900000,291.5400000,4780440
SBER,60,20220111,170000,291.5400000,291.8900000,290.8100000,290.9100000,3455630
SBER,60,20220111,180000,290.9400000,291.3500000,288.7100000,289.4200000,7828870
SBER,60,20220111,190000,289.4300000,290.5900000,289.3000000,289.8700000,8171110
SBER,60,20220111,200000,290.2300000,291.7500000,290.2300000,291.7100000,2992120
SBER,60,20220111,210000,291.7100000,292.5300000,291.5500000,291.5700000,1842010
SBER,60,20220111,220000,291.5900000,291.9800000,291.2200000,291.8400000,729140
SBER,60,20220111,230000,291.7500000,292.0500000,291.3700000,291.9600000,620470
SBER,60,20220112,000000,291.9700000,292.3000000,291.8800000,291.8800000,673350
SBER,60,20220112,080000,292.5000000,292.9200000,290.6500000,291.0800000,1397950
SBER,60,20220112,090000,291.1800000,291.5800000,290.2800000,291.1600000,825930
SBER,60,20220112,100000,291.1400000,291.7300000,290.9400000,290.9900000,743450
SBER,60,20220112,110000,290.9500000,292.3000000,290.6000000,291.2000000,4404950
SBER,60,20220112,120000,291.2000000,291.7400000,288.5000000,288.7200000,10449570
SBER,60,20220112,130000,288.7500000,289.5000000,286.8200000,287.6800000,11102920
SBER,60,20220112,140000,287.6800000,289.5000000,285.0500000,288.3800000,13335260
SBER,60,20220112,150000,288.5200000,290.3700000,288.0000000,288.0600000,8170290
SBER,60,20220112,160000,288.0200000,289.1000000,287.5500000,288.9900000,6215460
SBER,60,20220112,170000,288.9500000,290.1200000,288.6000000,289.5000000,4466300
SBER,60,20220112,180000,289.5700000,291.4800000,289.3100000,291.0900000,6402740
SBER,60,20220112,190000,291.0900000,291.1500000,289.5000000,289.7200000,7241760
SBER,60,20220112,200000,289.5800000,290.2500000,288.2600000,289.9300000,1809430
SBER,60,20220112,210000,289.9300000,290.9900000,289.5100000,290.7400000,1590300
SBER,60,20220112,220000,290.7000000,290.8600000,289.9400000,290.3500000,1434380
SBER,60,20220112,230000,290.3000000,290.4900000,289.4500000,290.0500000,1170950
SBER,60,20220113,000000,290.1300000,290.4700000,289.7100000,290.4000000,1053570
SBER,60,20220113,080000,289.6900000,290.3700000,288.1100000,289.0000000,1724200
SBER,60,20220113,090000,288.9900000,289.2000000,288.1200000,288.9800000,971800
SBER,60,20220113,100000,289.0000000,289.0000000,288.4100000,288.9000000,685190
SBER,60,20220113,110000,288.8800000,290.3000000,288.7300000,289.4700000,5582710
SBER,60,20220113,120000,289.5300000,290.0500000,287.6600000,288.0700000,8779400
SBER,60,20220113,130000,288.0700000,289.2900000,287.3700000,289.0400000,6896640
SBER,60,20220113,140000,289.0400000,289.1900000,287.8700000,287.9700000,4240630
SBER,60,20220113,150000,288.0000000,288.0000000,281.7100000,283.0600000,27476740
SBER,60,20220113,160000,283.0600000,284.0000000,281.7300000,282.0900000,14622170
SBER,60,20220113,170000,282.1500000,284.4600000,282.0700000,283.7400000,11218560
SBER,60,20220113,180000,283.7400000,284.6100000,273.5400000,275.1400000,35038880
SBER,60,20220113,190000,275.1400000,276.0100000,269.9000000,270.5000000,54935170
SBER,60,20220113,200000,271.0000000,273.6400000,270.6000000,272.4900000,18915720
SBER,60,20220113,210000,272.4800000,273.4500000,270.6900000,273.3700000,7329340
SBER,60,20220113,220000,273.3400000,274.9200000,272.9500000,273.9500000,4925120
SBER,60,20220113,230000,273.9600000,274.5800000,271.7400000,272.9300000,5460240
SBER,60,20220114,000000,272.9000000,273.0000000,271.3300000,272.5000000,2745140
SBER,60,20220114,080000,272.3900000,276.9700000,271.7900000,276.3300000,6213150
SBER,60,20220114,090000,276.3000000,277.9800000,273.5000000,274.6700000,6503160
SBER,60,20220114,100000,274.5500000,276.8000000,274.1100000,276.4000000,3770720
SBER,60,20220114,110000,276.4000000,276.4200000,267.3100000,269.5800000,29490180
SBER,60,20220114,120000,269.5900000,273.8700000,269.3600000,269.8000000,22426610
SBER,60,20220114,130000,269.8300000,270.7600000,258.9000000,261.9400000,57985380
SBER,60,20220114,140000,261.8000000,262.9600000,258.3000000,260.6000000,30246560
SBER,60,20220114,150000,260.7000000,261.6400000,258.7700000,260.3600000,24200070
SBER,60,20220114,160000,260.3600000,262.5400000,259.8000000,260.2600000,16272650
SBER,60,20220114,170000,260.3700000,260.4700000,249.2000000,254.0000000,81684980
SBER,60,20220114,180000,254.1000000,262.6000000,251.8600000,260.1700000,57438440
SBER,60,20220114,190000,260.2900000,260.7300000,254.3000000,255.0000000,36442590
SBER,60,20220114,200000,254.1200000,258.5800000,253.5000000,258.5000000,14963350
SBER,60,20220114,210000,258.5100000,259.4900000,257.0000000,258.3800000,7279180
SBER,60,20220114,220000,258.3700000,259.7000000,257.3000000,259.3800000,4104340
SBER,60,20220114,230000,259.4100000,259.9000000,257.7400000,259.7800000,3422250
SBER,60,20220115,000000,259.7800000,261.0000000,259.2000000,261.0000000,3789170
SBER,60,20220117,080000,262.2000000,264.0100000,254.1200000,258.5000000,14280720
SBER,60,20220117,090000,258.5600000,261.0000000,258.5500000,260.6000000,3839730
SBER,60,20220117,100000,260.6400000,261.9100000,259.7000000,260.3400000,5896890
SBER,60,20220117,110000,260.3500000,261.7000000,255.2000000,255.4400000,18863140
SBER,60,20220117,120000,255.3900000,256.4700000,251.1200000,253.6800000,31995540
SBER,60,20220117,130000,253.6000000,256.3600000,253.0300000,254.2400000,13700510
SBER,60,20220117,140000,254.2100000,254.7700000,250.2200000,252.5500000,17744570
SBER,60,20220117,150000,252.5500000,252.7800000,247.0000000,250.1800000,36738390
SBER,60,20220117,160000,250.2000000,252.2100000,248.6000000,249.5500000,15984890
SBER,60,20220117,170000,249.5500000,252.1600000,249.2100000,250.8600000,13353470
SBER,60,20220117,180000,250.8600000,251.4000000,249.0000000,249.8900000,12511150
SBER,60,20220117,190000,249.9000000,260.0000000,249.7000000,257.1000000,35424640
SBER,60,20220117,200000,257.0000000,259.2800000,256.0000000,258.5800000,15848380
SBER,60,20220117,210000,258.5800000,259.9900000,257.1700000,258.7000000,4728460
SBER,60,20220117,220000,258.7600000,259.9300000,257.6300000,258.2800000,3491810
SBER,60,20220117,230000,258.2200000,258.9200000,257.1500000,258.3000000,2605940
SBER,60,20220118,000000,258.3900000,258.9100000,257.6600000,257.7800000,1604980
SBER,60,20220118,080000,258.8000000,259.3900000,253.3100000,254.3000000,7380590
SBER,60,20220118,090000,254.2300000,254.9900000,251.3200000,254.4900000,6716150
SBER,60,20220118,100000,254.5000000,254.8000000,252.5500000,254.1100000,4007240
SBER,60,20220118,110000,254.0200000,256.8100000,249.5000000,254.3200000,24882170
SBER,60,20220118,120000,254.3200000,255.4700000,251.0100000,252.6800000,13168400
SBER,60,20220118,130000,252.6800000,253.5300000,250.3800000,251.7000000,10617360
SBER,60,20220118,140000,251.7200000,252.7300000,251.2000000,251.7700000,8116990
SBER,60,20220118,150000,251.7700000,251.8100000,244.3000000,244.6500000,40719150
SBER,60,20220118,160000,244.5300000,244.6200000,234.5200000,236.6800000,100817170
SBER,60,20220118,170000,236.6800000,241.3000000,232.2800000,233.4000000,67273070
SBER,60,20220118,180000,233.4000000,237.4400000,228.0900000,235.1300000,91147430
SBER,60,20220118,190000,235.1300000,236.4200000,231.0000000,231.0000000,61150740
SBER,60,20220118,200000,232.8900000,238.0000000,231.0000000,237.8000000,19761520
SBER,60,20220118,210000,237.7900000,237.8000000,233.3900000,234.4200000,11131750
SBER,60,20220118,220000,234.4100000,235.4000000,233.3500000,235.3500000,6507520
SBER,60,20220118,230000,235.3000000,237.3600000,234.5600000,236.7800000,5700030
SBER,60,20220119,000000,236.8000000,236.8200000,233.8500000,234.7000000,4951870
SBER,60,20220119,080000,232.8900000,234.1000000,221.0300000,224.5300000,28633490
SBER,60,20220119,090000,224.5400000,227.4900000,221.0900000,222.9400000,17785380
SBER,60,20220119,100000,222.9400000,232.8600000,222.6800000,230.6400000,20458690
SBER,60,20220119,110000,230.7800000,245.0000000,227.6400000,240.7900000,68755270
SBER,60,20220119,120000,240.7700000,246.4400000,237.9300000,244.3000000,43157310
SBER,60,20220119,130000,244.2500000,247.1900000,241.1100000,245.9000000,30712110
SBER,60,20220119,140000,245.9100000,246.3000000,241.7000000,244.1700000,15931100
SBER,60,20220119,150000,244.0600000,248.1800000,244.0300000,247.1600000,24909270
SBER,60,20220119,160000,247.1500000,249.0000000,244.5400000,245.6400000,23098360
SBER,60,20220119,170000,245.7000000,247.7000000,244.7600000,246.4500000,13005320
SBER,60,20220119,180000,246.4300000,247.1000000,241.3100000,243.5000000,24700260
SBER,60,20220119,190000,243.5000000,245.1900000,239.5900000,241.3900000,26588920
SBER,60,20220119,200000,241.4000000,244.9000000,240.7200000,243.8700000,7615900
SBER,60,20220119,210000,243.8700000,246.8200000,243.6100000,245.3900000,5753460
SBER,60,20220119,220000,245.3200000,245.4100000,243.6000000,244.6200000,2847490
SBER,60,20220119,230000,244.6200000,246.1900000,244.0300000,245.9500000,3679040
SBER,60,20220120,000000,246.0000000,246.3000000,244.6000000,244.8600000,3253100
SBER,60,20220120,080000,244.1200000,251.8000000,241.8200000,248.8700000,16949610
SBER,60,20220120,090000,248.8700000,250.8000000,248.3000000,250.0800000,6989250
SBER,60,20220120,100000,250.0000000,252.8400000,249.0000000,251.1900000,11665900
SBER,60,20220120,110000,251.1900000,253.6000000,242.8500000,245.3400000,33805100
SBER,60,20220120,120000,245.2100000,246.7700000,240.0100000,244.7800000,36818260
SBER,60,20220120,130000,244.7800000,249.0000000,243.6500000,248.0000000,17518250
SBER,60,20220120,140000,247.9100000,248.8700000,245.1800000,246.0100000,12234890
SBER,60,20220120,150000,246.0000000,248.1700000,244.9000000,247.3200000,11212110
SBER,60,20220120,160000,247.3200000,247.9800000,244.2800000,246.4800000,11596940
SBER,60,20220120,170000,246.4700000,254.0000000,245.6000000,252.5000000,40175600
SBER,60,20220120,180000,252.5400000,259.1500000,252.3400000,258.6800000,54044440
SBER,60,20220120,190000,258.6700000,263.0000000,258.4000000,260.0000000,41227470
SBER,60,20220120,200000,259.6400000,261.5000000,255.4000000,255.7000000,16207990
SBER,60,20220120,210000,255.7700000,259.4900000,255.6400000,257.2800000,7632440
SBER,60,20220120,220000,257.2800000,257.2800000,255.5500000,256.6500000,4524090
SBER,60,20220120,230000,256.6500000,257.6500000,255.6500000,256.2500000,2513200
SBER,60,20220121,000000,256.2300000,256.5000000,254.6000000,254.6100000,3943680
SBER,60,20220121,080000,252.9800000,253.8000000,248.8600000,252.5600000,14292380
SBER,60,20220121,090000,252.5600000,255.5200000,251.1100000,253.4200000,7637600
SBER,60,20220121,100000,253.5000000,254.8000000,251.2500000,252.9000000,6988170
SBER,60,20220121,110000,252.8800000,257.2500000,252.2700000,255.9300000,26808580
SBER,60,20220121,120000,255.9100000,256.1000000,248.5400000,250.4400000,42101720
SBER,60,20220121,130000,250.3600000,253.9100000,249.7100000,251.7000000,17429530
SBER,60,20220121,140000,251.7200000,253.8700000,250.0000000,250.2800000,14347900
SBER,60,20220121,150000,250.2800000,252.8900000,246.0000000,251.7600000,36065460
SBER,60,20220121,160000,251.7500000,259.0800000,251.6000000,253.9800000,42768400
SBER,60,20220121,170000,253.9800000,254.8000000,250.1100000,250.9200000,16248810
SBER,60,20220121,180000,250.9200000,252.9500000,247.7600000,249.1000000,23947980
SBER,60,20220121,190000,249.0600000,249.6600000,246.2700000,246.8500000,28429920
SBER,60,20220121,200000,247.4900000,249.9900000,247.2600000,248.2700000,6878770
SBER,60,20220121,210000,248.2700000,248.9900000,248.0000000,248.6200000,2370930
SBER,60,20220121,220000,248.5400000,248.9400000,247.6000000,248.8000000,2984180
SBER,60,20220121,230000,248.8700000,248.9000000,247.4100000,247.5400000,2438670
SBER,60,20220122,000000,247.5000000,247.7100000,246.6100000,246.9000000,3875320
SBER,60,20220124,080000,246.5100000,249.8800000,245.1500000,247.6000000,9158890
SBER,60,20220124,090000,247.7100000,249.0000000,247.0100000,248.2900000,3404250
SBER,60,20220124,100000,248.4000000,248.4500000,247.1000000,247.4700000,3127520
SBER,60,20220124,110000,247.4000000,247.5500000,240.0000000,240.8000000,31507550
SBER,60,20220124,120000,240.8000000,242.1800000,237.1000000,237.3600000,31376330
SBER,60,20220124,130000,237.4300000,237.7500000,230.5100000,234.7000000,50521620
SBER,60,20220124,140000,234.7800000,234.8800000,226.0000000,226.5300000,33311430
SBER,60,20220124,150000,226.5300000,233.6000000,226.4400000,232.7900000,30208760
SBER,60,20220124,160000,232.7500000,235.0000000,231.2000000,232.1400000,28110180
SBER,60,20220124,170000,232.2000000,234.9200000,230.5900000,233.7900000,27761230
SBER,60,20220124,180000,233.7000000,236.4500000,231.4200000,235.1000000,23722430
SBER,60,20220124,190000,235.1000000,236.4700000,231.7600000,234.8200000,17905110
SBER,60,20220124,200000,234.0000000,234.6000000,230.2100000,231.7900000,8265840
SBER,60,20220124,210000,231.7000000,233.4200000,230.0000000,233.3400000,7532040
SBER,60,20220124,220000,233.3900000,236.0000000,232.5100000,235.2800000,7835780
SBER,60,20220124,230000,235.3700000,237.0000000,233.8500000,235.7800000,6738100
SBER,60,20220125,000000,235.7000000,236.9700000,235.5000000,236.9700000,5128620
SBER,60,20220125,080000,236.9900000,240.5000000,234.5600000,236.4300000,13530140
SBER,60,20220125,090000,236.2300000,238.7100000,236.2000000,238.4200000,4598090
SBER,60,20220125,100000,238.3800000,242.3000000,237.6200000,241.8100000,10744930
SBER,60,20220125,110000,241.8300000,243.5500000,237.6000000,238.9400000,29528920
SBER,60,20220125,120000,238.9200000,239.3200000,232.4100000,238.3200000,35395970
SBER,60,20220125,130000,238.3500000,240.0000000,236.5400000,239.2300000,14462890
SBER,60,20220125,140000,239.2300000,240.5000000,236.8400000,237.7800000,12266270
SBER,60,20220125,150000,237.7900000,239.7000000,237.3700000,239.3700000,7860710
SBER,60,20220125,160000,239.4100000,239.9900000,235.7200000,237.3300000,10385680
SBER,60,20220125,170000,237.2500000,237.5900000,234.0400000,236.5000000,15926360
SBER,60,20220125,180000,236.5000000,236.5900000,232.4100000,232.4100000,14575920
SBER,60,20220125,190000,232.4100000,233.6900000,231.0000000,231.7000000,23509930
SBER,60,20220125,200000,231.9600000,234.2000000,231.8000000,233.9200000,7077300
SBER,60,20220125,210000,233.8300000,235.0000000,233.4600000,234.6600000,4859980
SBER,60,20220125,220000,234.7800000,240.9000000,234.3200000,240.8000000,14062310
SBER,60,20220125,230000,240.8000000,240.9200000,238.0000000,239.7700000,9167660
SBER,60,20220126,000000,239.7000000,240.1000000,238.5200000,239.5900000,4550280
SBER,60,20220126,080000,240.0600000,240.7400000,238.1000000,239.0600000,4371730
SBER,60,20220126,090000,238.9700000,239.2400000,237.1200000,238.5500000,3544550
SBER,60,20220126,100000,238.4700000,239.5000000,237.2500000,237.3700000,4087200
SBER,60,20220126,110000,237.3700000,237.5000000,233.3000000,233.8400000,25036710
SBER,60,20220126,120000,233.7200000,236.3900000,233.7000000,236.2000000,18962560
SBER,60,20220126,130000,236.1000000,238.8200000,236.0200000,237.6700000,17249230
SBER,60,20220126,140000,237.6700000,238.6000000,234.3000000,238.2200000,18475150
SBER,60,20220126,150000,238.2500000,239.3000000,237.7200000,238.9800000,11676230
SBER,60,20220126,160000,238.9800000,240.4000000,238.2400000,239.8200000,12543140
SBER,60,20220126,170000,239.8300000,245.1700000,239.3300000,243.4300000,24684530
SBER,60,20220126,180000,243.4600000,244.1900000,241.1100000,242.6300000,17971580
SBER,60,20220126,190000,242.6300000,243.4000000,237.3200000,239.2800000,21443040
SBER,60,20220126,200000,239.4000000,241.4000000,238.0000000,239.6900000,10911560
SBER,60,20220126,210000,239.6900000,241.0000000,237.1200000,238.8100000,7733550
SBER,60,20220126,220000,238.9000000,242.1700000,237.5200000,239.8600000,8239970
SBER,60,20220126,230000,239.9900000,242.7800000,238.2600000,238.8900000,8599490
SBER,60,20220127,000000,238.9800000,238.9800000,235.2800000,236.9000000,9270220
SBER,60,20220127,080000,234.9900000,236.1000000,233.1000000,235.8000000,8483290
SBER,60,20220127,090000,235.8000000,237.1000000,235.1000000,235.5500000,4379410
SBER,60,20220127,100000,235.4500000,236.6000000,234.3600000,234.6400000,3448970
SBER,60,20220127,110000,234.6400000,239.1000000,234.5200000,236.8400000,14707630
SBER,60,20220127,120000,236.7600000,248.3000000,236.0200000,245.2000000,49800250
SBER,60,20220127,130000,245.1200000,248.0000000,244.5500000,247.1200000,26795250
SBER,60,20220127,140000,247.1000000,249.0000000,245.7000000,247.7000000,19117060
SBER,60,20220127,150000,247.5800000,247.8500000,246.0000000,247.5600000,13990500
SBER,60,20220127,160000,247.5000000,254.2900000,245.5500000,253.8000000,34023650
SBER,60,20220127,170000,253.8000000,260.0000000,252.6200000,257.1300000,56142900
SBER,60,20220127,180000,257.2800000,257.7200000,253.0100000,253.9000000,28092960
SBER,60,20220127,190000,253.9000000,255.4500000,251.2600000,253.0000000,17449970
SBER,60,20220127,200000,253.0000000,255.4000000,253.0000000,253.7900000,7990220
SBER,60,20220127,210000,253.7300000,254.2900000,251.4100000,252.4000000,5374650
SBER,60,20220127,220000,252.3700000,253.4500000,251.5000000,253.3000000,3274890
SBER,60,20220127,230000,253.3500000,254.7000000,252.0500000,253.3800000,4617620
SBER,60,20220128,000000,253.2200000,254.5100000,252.8100000,254.2900000,3498670
SBER,60,20220128,080000,255.8600000,258.8000000,255.6000000,257.2200000,10208310
SBER,60,20220128,090000,257.2000000,262.0000000,256.9100000,260.9100000,14689360
SBER,60,20220128,100000,260.9100000,260.9700000,257.0000000,259.0400000,10522170
SBER,60,20220128,110000,259.0400000,260.8800000,253.7500000,254.3000000,32000030
SBER,60,20220128,120000,254.1800000,256.2700000,252.0200000,254.5000000,32332220
SBER,60,20220128,130000,254.5900000,261.1000000,253.4400000,259.3500000,27677670
SBER,60,20220128,140000,259.4600000,259.8000000,257.0500000,257.8400000,13461760
SBER,60,20220128,150000,257.8000000,259.8000000,257.0700000,258.0900000,9561680
SBER,60,20220128,160000,258.0100000,258.5000000,255.8400000,257.2300000,9717960
SBER,60,20220128,170000,257.2100000,259.4000000,257.1000000,257.6600000,11211400
SBER,60,20220128,180000,257.6200000,258.6200000,256.6000000,257.2300000,8829740
SBER,60,20220128,190000,257.2200000,257.9900000,256.0900000,257.2800000,10350110
SBER,60,20220128,200000,257.3200000,258.4000000,257.0600000,258.1800000,4054210
SBER,60,20220128,210000,258.1800000,258.3000000,257.5000000,258.0000000,1661250
SBER,60,20220128,220000,257.9000000,259.0000000,257.8100000,258.3400000,2302900
SBER,60,20220128,230000,258.3300000,258.4900000,257.0600000,257.2100000,2725020
SBER,60,20220129,000000,257.3000000,258.3900000,257.0900000,257.8200000,2848170
SBER,60,20220131,080000,258.8800000,262.1800000,258.8100000,260.5600000,9460280
SBER,60,20220131,090000,260.6000000,261.6900000,260.2800000,261.4800000,2735700
SBER,60,20220131,100000,261.4800000,262.5000000,260.6000000,261.3500000,6168900
SBER,60,20220131,110000,261.3100000,267.9400000,261.0500000,266.4300000,31346470
SBER,60,20220131,120000,266.4300000,267.4400000,264.0000000,267.2800000,19140870
SBER,60,20220131,130000,267.2800000,268.6700000,265.6900000,267.1600000,15520230
SBER,60,20220131,140000,267.1000000,267.9800000,265.3300000,267.5800000,11694730
SBER,60,20220131,150000,267.5800000,267.6800000,264.3200000,265.7300000,10648060
SBER,60,20220131,160000,265.7300000,265.8000000,263.6200000,265.5900000,8357520
SBER,60,20220131,170000,265.5900000,267.2000000,264.6000000,266.5300000,7169990
SBER,60,20220131,180000,266.5200000,266.5600000,264.8400000,265.7200000,6964410
SBER,60,20220131,190000,265.8200000,265.8200000,264.5000000,264.5000000,10655330
SBER,60,20220131,200000,265.0300000,266.8400000,265.0300000,266.7000000,4546990
SBER,60,20220131,210000,266.6600000,267.0800000,266.0200000,266.8900000,2623270
SBER,60,20220131,220000,266.9300000,267.8600000,266.4200000,267.6400000,2609480
SBER,60,20220131,230000,267.6400000,267.9200000,267.2500000,267.6600000,2184800
SBER,60,20220201,000000,267.6600000,269.6000000,267.4000000,269.4200000,4260510
SBER,60,20220201,080000,269.7100000,273.1000000,268.5600000,271.6700000,12946140
SBER,60,20220201,090000,271.6500000,272.9400000,270.6400000,271.3300000,6162270
SBER,60,20220201,100000,271.3000000,271.6900000,267.5800000,268.6000000,13292790
SBER,60,20220201,110000,268.5800000,271.4900000,262.5300000,263.3700000,38346630
SBER,60,20220201,120000,263.3700000,266.9000000,263.3400000,264.4000000,21858210
SBER,60,20220201,130000,264.4400000,265.4000000,263.0300000,264.8000000,11186280
SBER,60,20220201,140000,264.7700000,267.1600000,264.3400000,265.7600000,8362400
SBER,60,20220201,150000,265.8500000,266.6900000,265.0000000,266.2700000,6000630
SBER,60,20220201,160000,266.2700000,266.2700000,262.8000000,262.8100000,10219850
SBER,60,20220201,170000,262.8100000,264.9300000,262.8000000,264.2900000,5004400
SBER,60,20220201,180000,264.4000000,264.4800000,261.6100000,263.5900000,9162290
SBER,60,20220201,190000,263.5000000,263.5200000,261.8400000,262.6000000,9590930
SBER,60,20220201,200000,263.3000000,264.2900000,262.0200000,262.8900000,5051530
SBER,60,20220201,210000,262.9000000,262.9800000,260.5600000,262.1100000,5515490
SBER,60,20220201,220000,262.1100000,263.0000000,261.6300000,262.2900000,1795110
SBER,60,20220201,230000,262.3000000,262.8500000,261.5200000,262.0100000,1608360
SBER,60,20220202,000000,262.0900000,264.7900000,261.9000000,264.7000000,4254390
SBER,60,20220202,080000,265.8000000,266.9100000,263.5100000,263.9700000,5359790
SBER,60,20220202,090000,263.9400000,265.3200000,263.5400000,265.0300000,2477720
SBER,60,20220202,100000,265.1000000,265.7000000,264.6200000,265.0000000,4126630
SBER,60,20220202,110000,265.0500000,265.9900000,260.1000000,260.8300000,17446600
SBER,60,20220202,120000,260.8300000,262.5800000,257.2700000,259.0000000,30531130
SBER,60,20220202,130000,259.0000000,259.5500000,255.8000000,255.9400000,15745720
SBER,60,20220202,140000,255.9400000,260.7700000,254.5200000,259.8700000,22791030
SBER,60,20220202,150000,260.0000000,261.9300000,258.8200000,260.8200000,11676850
SBER,60,20220202,160000,260.9000000,264.0000000,260.4900000,262.0800000,13443000
SBER,60,20220202,170000,261.9700000,263.0000000,259.5100000,260.5300000,9428630
SBER,60,20220202,180000,260.4300000,260.8000000,258.0000000,259.3600000,10501680
SBER,60,20220202,190000,259.4100000,259.8100000,257.5800000,258.6400000,10160130
SBER,60,20220202,200000,258.7000000,258.8900000,256.6000000,258.4800000,5595650
SBER,60,20220202,210000,258.4800000,260.2000000,258.4800000,260.0000000,4769540
SBER,60,20220202,220000,259.9900000,260.3800000,259.4200000,260.2600000,2153590
SBER,60,20220202,230000,260.1700000,260.2900000,259.0000000,259.9300000,1438380
SBER,60,20220203,000000,259.9000000,261.1800000,259.8100000,261.0000000,2552820
SBER,60,20220203,080000,258.4500000,259.8700000,256.1500000,257.1500000,5759530
SBER,60,20220203,090000,257.1800000,258.5800000,256.5600000,257.2700000,3343400
SBER,60,20220203,100000,257.1500000,257.4000000,254.3400000,255.4800000,8297060
SBER,60,20220203,110000,255.6000000,255.6700000,251.5100000,252.9300000,23579460
SBER,60,20220203,120000,252.8600000,255.4300000,251.8000000,253.2500000,19240690
SBER,60,20220203,130000,253.2200000,254.2000000,250.3200000,250.9200000,16981530
SBER,60,20220203,140000,250.8600000,252.3600000,250.0600000,251.3000000,10906200
SBER,60,20220203,150000,251.4000000,253.9000000,251.3000000,252.9000000,11522150
SBER,60,20220203,160000,252.8600000,254.7800000,251.8000000,252.7300000,8883750
SBER,60,20220203,170000,252.7300000,253.5800000,250.8800000,251.4700000,8068470
SBER,60,20220203,180000,251.4300000,253.4000000,250.5000000,250.9500000,11511780
SBER,60,20220203,190000,250.9600000,253.1900000,250.7000000,252.7100000,9953050
SBER,60,20220203,200000,252.7000000,253.9500000,251.5700000,251.9100000,4603410
SBER,60,20220203,210000,252.0000000,252.9500000,251.5000000,251.9000000,2080450
SBER,60,20220203,220000,251.9000000,252.6500000,251.5200000,252.5000000,1183550
SBER,60,20220203,230000,252.5000000,252.8700000,251.1200000,251.8000000,2375310
SBER,60,20220204,000000,251.8000000,252.0000000,250.6500000,250.7900000,2837770
SBER,60,20220204,080000,251.9900000,254.3600000,251.9100000,253.4000000,4722670
SBER,60,20220204,090000,253.4800000,255.3300000,253.4500000,254.0500000,4963620
SBER,60,20220204,100000,254.0500000,254.8500000,253.5400000,254.4900000,2848940
SBER,60,20220204,110000,254.5100000,256.3000000,252.2500000,255.6800000,12847800
SBER,60,20220204,120000,255.6100000,259.7400000,254.5000000,257.2400000,26136130
SBER,60,20220204,130000,257.1800000,258.6700000,256.4600000,257.1500000,10055170
SBER,60,20220204,140000,257.1100000,257.5500000,254.6600000,256.2000000,10405080
SBER,60,20220204,150000,256.2000000,256.4000000,254.2300000,255.3800000,6889540
SBER,60,20220204,160000,255.4300000,257.4000000,255.3400000,256.6200000,6386850
SBER,60,20220204,170000,256.6000000,256.9400000,253.2200000,253.9900000,14306900
SBER,60,20220204,180000,253.9300000,255.5300000,252.7700000,254.6200000,10132330
SBER,60,20220204,190000,254.5500000,254.9100000,253.6200000,254.2200000,6940140
SBER,60,20220204,200000,254.2200000,255.8500000,254.0000000,255.0100000,2750830
SBER,60,20220204,210000,255.0100000,255.8700000,254.5100000,255.6700000,1979190
SBER,60,20220204,220000,255.7000000,256.2000000,255.1700000,255.9700000,1772980
SBER,60,20220204,230000,255.9100000,256.6000000,255.6100000,256.4900000,1780710
SBER,60,20220205,000000,256.4600000,256.8800000,255.8300000,256.5300000,2071790
SBER,60,20220207,080000,257.0000000,257.3300000,254.7200000,256.1000000,4420680
SBER,60,20220207,090000,256.2000000,256.5400000,255.0900000,255.4300000,1840120
SBER,60,20220207,100000,255.3400000,258.2700000,255.0300000,258.0100000,3813380
SBER,60,20220207,110000,258.0200000,260.3900000,256.1200000,260.3800000,13991240
SBER,60,20220207,120000,260.2800000,260.5300000,256.5000000,257.0600000,10988560
SBER,60,20220207,130000,257.0600000,257.3500000,253.5200000,254.7900000,11565220
SBER,60,20220207,140000,254.7500000,256.4300000,253.7400000,256.0200000,6956440
SBER,60,20220207,150000,256.0200000,258.2000000,256.0000000,257.3000000,8774280
SBER,60,20220207,160000,257.3200000,258.0000000,256.7000000,257.2000000,3951800
SBER,60,20220207,170000,257.2300000,257.6000000,256.1700000,256.4900000,3739410
SBER,60,20220207,180000,256.4900000,257.3000000,256.1900000,256.8500000,4340190
SBER,60,20220207,190000,256.8400000,256.9600000,256.2100000,256.6900000,3856540
SBER,60,20220207,200000,256.7600000,257.2000000,256.5500000,256.7400000,1834450
SBER,60,20220207,210000,256.8100000,257.0000000,256.5700000,256.7100000,619190
SBER,60,20220207,220000,256.7100000,257.3200000,256.7100000,257.1500000,748170
SBER,60,20220207,230000,257.1500000,258.4500000,257.0900000,257.8000000,2213180
SBER,60,20220208,000000,257.7500000,258.8800000,257.5000000,257.6100000,1894670
SBER,60,20220208,080000,257.6100000,258.2300000,256.5200000,257.8000000,1977050
SBER,60,20220208,090000,257.8100000,258.0000000,256.8400000,257.4600000,1162390
SBER,60,20220208,100000,257.4000000,261.6400000,257.3200000,260.6800000,8647250
SBER,60,20220208,110000,260.6800000,262.8700000,260.1300000,260.5800000,14927820
SBER,60,20220208,120000,260.6900000,262.7900000,259.3000000,262.5600000,15546350
SBER,60,20220208,130000,262.6000000,266.9200000,261.7500000,265.8300000,23734880
SBER,60,20220208,140000,265.8400000,267.4000000,264.4000000,266.1000000,18056530
SBER,60,20220208,150000,266.1000000,268.3700000,265.6100000,266.8000000,15039380
SBER,60,20220208,160000,266.8000000,267.2800000,265.3600000,266.9900000,9676690
SBER,60,20220208,170000,266.9300000,267.5900000,263.9100000,265.0000000,12707170
SBER,60,20220208,180000,265.1000000,268.5000000,265.0000000,267.8700000,16056100
SBER,60,20220208,190000,267.8700000,269.2700000,267.0000000,269.0500000,11886150
SBER,60,20220208,200000,269.0700000,269.3300000,268.3700000,269.0000000,3113140
SBER,60,20220208,210000,269.0000000,269.5000000,268.5000000,268.9000000,2900790
SBER,60,20220208,220000,268.9000000,268.9700000,268.1800000,268.5200000,2236060
SBER,60,20220208,230000,268.5900000,269.0300000,268.5000000,268.9900000,1086230
SBER,60,20220209,000000,268.9900000,269.9000000,268.8500000,269.8000000,2744420
SBER,60,20220209,080000,270.0100000,274.1900000,270.0000000,273.5000000,11779620
SBER,60,20220209,090000,273.5000000,276.6600000,273.3800000,274.9200000,15125900
SBER,60,20220209,100000,274.9200000,276.2000000,274.2100000,275.6600000,7038730
SBER,60,20220209,110000,275.8500000,276.3500000,272.6300000,274.4200000,20198810
SBER,60,20220209,120000,274.4000000,278.2800000,273.7000000,277.7500000,26824700
SBER,60,20220209,130000,277.6900000,279.0000000,276.6500000,277.6300000,17806490
SBER,60,20220209,140000,277.6700000,278.7800000,277.0100000,278.5000000,11908380
SBER,60,20220209,150000,278.5600000,279.7100000,277.5300000,278.6700000,15403010
SBER,60,20220209,160000,278.6700000,279.2000000,275.1500000,277.7000000,19669430
SBER,60,20220209,170000,277.7000000,279.1100000,275.6900000,278.7100000,16375230
SBER,60,20220209,180000,278.7100000,279.6500000,277.8200000,278.8700000,12423590
SBER,60,20220209,190000,278.8300000,279.5500000,278.6200000,279.3700000,7355300
SBER,60,20220209,200000,279.1700000,279.1700000,278.0600000,278.1700000,3594460
SBER,60,20220209,210000,278.1700000,278.8000000,277.6000000,278.6300000,2563670
SBER,60,20220209,220000,278.5900000,278.7500000,278.0500000,278.1000000,1453620
SBER,60,20220209,230000,278.1200000,278.9500000,278.0600000,278.5000000,1588170
SBER,60,20220210,000000,278.5100000,279.2000000,278.1100000,279.0900000,2123690
SBER,60,20220210,080000,279.2100000,279.3800000,275.7000000,276.8300000,7884670
SBER,60,20220210,090000,276.8000000,277.2500000,274.5100000,275.5200000,5993230
SBER,60,20220210,100000,275.5300000,277.4900000,275.0000000,276.5800000,6802940
SBER,60,20220210,110000,276.5500000,276.9900000,274.7200000,275.4500000,14610600
SBER,60,20220210,120000,275.4500000,276.9900000,273.6700000,274.0600000,19145830
SBER,60,20220210,130000,274.0500000,276.5400000,273.9000000,275.9300000,11607980
SBER,60,20220210,140000,275.9500000,277.2500000,275.6000000,276.0600000,10172080
SBER,60,20220210,150000,276.0700000,277.8000000,276.0000000,276.5200000,7932660
SBER,60,20220210,160000,276.5000000,279.7600000,276.3900000,278.7000000,12578830
SBER,60,20220210,170000,278.7600000,282.3000000,276.9700000,278.2700000,35433010
SBER,60,20220210,180000,278.2000000,279.7900000,275.9600000,278.5800000,17868360
SBER,60,20220210,190000,278.6800000,279.6900000,278.0100000,278.9000000,9720070
SBER,60,20220210,200000,278.8000000,280.4000000,278.2800000,279.8500000,6616790
SBER,60,20220210,210000,279.8800000,280.0000000,277.8300000,278.4300000,4099760
SBER,60,20220210,220000,278.4100000,278.4700000,276.4000000,277.3100000,3462320
SBER,60,20220210,230000,277.3100000,277.4300000,275.8500000,276.2800000,3015660
SBER,60,20220211,000000,276.2700000,276.4300000,275.1100000,275.2000000,3175090
SBER,60,20220211,080000,274.8800000,275.8700000,272.6100000,273.5300000,7936950
SBER,60,20220211,090000,273.5300000,274.6800000,273.5300000,274.2500000,2731500
SBER,60,20220211,100000,274.1800000,274.2300000,271.1000000,271.1600000,9909640
SBER,60,20220211,110000,271.1600000,273.5000000,270.5000000,271.7900000,16827720
SBER,60,20220211,120000,271.7700000,272.5500000,266.5800000,267.7600000,30095510
SBER,60,20220211,130000,267.7600000,268.8200000,265.4700000,265.9200000,21658700
SBER,60,20220211,140000,265.8200000,269.8000000,265.2500000,268.2400000,17578260
SBER,60,20220211,150000,268.2300000,269.0000000,264.9900000,265.9200000,14270270
SBER,60,20220211,160000,265.8500000,268.9300000,265.0000000,267.8300000,12336750
SBER,60,20220211,170000,267.8300000,269.4000000,267.4100000,268.2300000,8195850
SBER,60,20220211,180000,268.2200000,268.9900000,265.7000000,265.9700000,9636590
SBER,60,20220211,190000,265.9800000,266.6000000,265.5500000,266.6000000,13741270
SBER,60,20220211,200000,266.4100000,267.2400000,266.0000000,266.5600000,3492260
SBER,60,20220211,210000,266.5600000,266.7000000,266.0100000,266.3100000,1749270
SBER,60,20220211,220000,266.3100000,266.4600000,259.6100000,261.9000000,20044810
SBER,60,20220211,230000,261.8600000,263.7100000,260.7000000,261.3400000,14156320
SBER,60,20220212,000000,261.3500000,261.9500000,259.6700000,260.8300000,9421750
SBER,60,20220214,080000,256.6900000,256.9200000,245.1000000,252.9100000,37448270
SBER,60,20220214,090000,253.0000000,256.5700000,251.5000000,255.9900000,13432940
SBER,60,20220214,100000,255.9000000,259.2000000,253.2600000,253.5700000,16447700
SBER,60,20220214,110000,253.6800000,259.5000000,253.0200000,257.1800000,21771320
SBER,60,20220214,120000,257.1100000,257.2300000,251.0000000,251.3700000,30509030
SBER,60,20220214,130000,251.3500000,254.2100000,248.2000000,249.3400000,29167730
SBER,60,20220214,140000,249.4300000,251.0300000,247.1400000,247.6100000,28218760
SBER,60,20220214,150000,247.7500000,249.5000000,245.1200000,248.7100000,30956590
SBER,60,20220214,160000,248.7500000,255.7000000,246.6700000,253.0000000,44172490
SBER,60,20220214,170000,253.0700000,258.3600000,253.0000000,254.5300000,34071820
SBER,60,20220214,180000,254.5300000,257.1800000,252.0000000,256.4900000,20514320
SBER,60,20220214,190000,256.5800000,256.9000000,255.0000000,255.6700000,14812910
SBER,60,20220214,200000,255.9000000,258.8400000,254.3300000,257.1200000,9877300
SBER,60,20220214,210000,257.1200000,257.7500000,256.3000000,256.9700000,3080090
SBER,60,20220214,220000,256.9500000,257.2500000,252.3200000,253.1400000,7585610
SBER,60,20220214,230000,253.0300000,255.5000000,251.5000000,255.0500000,11024770
SBER,60,20220215,000000,255.1000000,256.9300000,254.0800000,256.7000000,4306980
SBER,60,20220215,080000,257.6000000,264.9100000,257.5100000,263.6900000,18683280
SBER,60,20220215,090000,263.6900000,264.0200000,260.5100000,261.5400000,9430150
SBER,60,20220215,100000,261.7000000,264.9000000,261.4000000,264.4900000,7202270
SBER,60,20220215,110000,264.3800000,264.9000000,260.5300000,261.4000000,14136690
SBER,60,20220215,120000,261.3900000,269.9800000,259.0600000,269.8500000,56386290
SBER,60,20220215,130000,269.8500000,271.9500000,267.7200000,267.9400000,30850890
SBER,60,20220215,140000,267.9100000,269.2000000,265.0700000,266.9800000,32151350
SBER,60,20220215,150000,266.8800000,269.8800000,266.4700000,267.3100000,17500190
SBER,60,20220215,160000,267.3200000,269.1100000,266.0000000,268.3000000,10311820
SBER,60,20220215,170000,268.3000000,268.9200000,267.0500000,267.8000000,8683790
SBER,60,20220215,180000,267.7200000,271.5200000,267.6300000,269.7800000,23400900
SBER,60,20220215,190000,269.7000000,270.8500000,268.7200000,270.2100000,13473350
SBER,60,20220215,200000,270.1000000,270.9000000,269.4000000,270.3500000,5650490
SBER,60,20220215,210000,270.3500000,271.0000000,268.5500000,268.8000000,6827760
SBER,60,20220215,220000,268.8000000,269.9500000,268.3200000,269.7500000,4260400
SBER,60,20220215,230000,269.7500000,270.9000000,269.0200000,270.7200000,3163710
SBER,60,20220216,000000,270.7100000,274.0000000,270.7100000,274.0000000,9360480
SBER,60,20220216,080000,276.8800000,278.0000000,275.3300000,276.8200000,14686580
SBER,60,20220216,090000,276.9600000,280.4200000,276.6000000,279.2600000,13551330
SBER,60,20220216,100000,279.2500000,280.1400000,278.3100000,278.7900000,9486500
SBER,60,20220216,110000,278.7900000,280.0500000,276.4300000,278.7500000,24427800
SBER,60,20220216,120000,278.7300000,281.0000000,278.0100000,278.5900000,24020630
SBER,60,20220216,130000,278.6700000,279.5000000,274.9400000,275.4000000,25068920
SBER,60,20220216,140000,275.3500000,277.5600000,274.1500000,277.1700000,18925370
SBER,60,20220216,150000,277.1700000,278.4000000,275.8200000,277.1400000,9175530
SBER,60,20220216,160000,277.1400000,277.9000000,275.2200000,275.8100000,8777880
SBER,60,20220216,170000,275.8300000,277.0800000,275.3000000,275.3900000,9482820
SBER,60,20220216,180000,275.3900000,277.0000000,274.3900000,276.0800000,15233830
SBER,60,20220216,190000,276.0800000,277.8000000,275.8000000,277.4900000,11554130
SBER,60,20220216,200000,277.5400000,277.7500000,276.0100000,276.2700000,2953600
SBER,60,20220216,210000,276.2700000,276.9300000,276.0200000,276.4000000,1336620
SBER,60,20220216,220000,276.5000000,276.6700000,276.0200000,276.3500000,1153530
SBER,60,20220216,230000,276.3600000,277.5000000,276.2000000,277.1700000,3275480
SBER,60,20220217,000000,277.2800000,277.9500000,277.0500000,277.7800000,2573560
SBER,60,20220217,080000,277.0000000,277.0000000,270.5100000,271.2800000,16091970
SBER,60,20220217,090000,271.2800000,272.6500000,268.4800000,269.5200000,14791670
SBER,60,20220217,100000,269.5200000,271.4700000,266.5900000,269.8000000,22582870
SBER,60,20220217,110000,269.9400000,270.9200000,267.3400000,268.2300000,17264200
SBER,60,20220217,120000,268.2300000,270.2500000,263.5100000,265.0600000,42617040
SBER,60,20220217,130000,265.1800000,267.5600000,263.7000000,266.8300000,22113350
SBER,60,20220217,140000,266.8300000,267.8000000,265.7000000,266.7700000,9636680
SBER,60,20220217,150000,266.7700000,266.8100000,264.7500000,266.4300000,9520010
SBER,60,20220217,160000,266.4300000,268.7900000,266.1400000,266.4300000,12209550
SBER,60,20220217,170000,266.3300000,266.8900000,261.8000000,262.9900000,22145250
SBER,60,20220217,180000,262.9300000,263.8900000,259.3600000,259.8800000,30461040
SBER,60,20220217,190000,259.8500000,261.0500000,259.5000000,261.0500000,15844700
SBER,60,20220217,200000,261.1800000,263.8800000,261.1800000,262.6100000,12461610
SBER,60,20220217,210000,262.6000000,262.9600000,261.2000000,262.3500000,3816720
SBER,60,20220217,220000,262.3500000,262.4300000,260.6200000,260.6800000,2641740
SBER,60,20220217,230000,260.7000000,261.4000000,260.0500000,260.3500000,3528240
SBER,60,20220218,000000,260.4000000,261.4000000,259.8800000,260.5800000,4334070
SBER,60,20220218,080000,262.1400000,267.0000000,262.1400000,264.4000000,19783750
SBER,60,20220218,090000,264.3900000,266.1500000,264.0300000,265.8300000,5082200
SBER,60,20220218,100000,265.8100000,265.8200000,263.2000000,264.5900000,5696000
SBER,60,20220218,110000,264.6000000,265.7000000,260.0000000,261.5300000,21874500
SBER,60,20220218,120000,261.5200000,262.6900000,257.6000000,258.6000000,24520110
SBER,60,20220218,130000,258.5800000,260.1200000,258.2600000,260.0900000,9736740
SBER,60,20220218,140000,260.0800000,260.1100000,258.3000000,258.6000000,7110440
SBER,60,20220218,150000,258.6000000,259.6800000,258.0000000,259.0000000,6788030
SBER,60,20220218,160000,259.0400000,260.3000000,258.8500000,260.1200000,8265340
SBER,60,20220218,170000,260.1200000,260.3500000,250.3100000,252.3300000,54937110
SBER,60,20220218,180000,252.3900000,252.9200000,247.1200000,250.6700000,37504150
SBER,60,20220218,190000,250.5900000,251.4500000,248.8000000,249.0000000,16347170
SBER,60,20220218,200000,248.7300000,249.3800000,245.0000000,248.0100000,20639200
SBER,60,20220218,210000,248.0800000,251.8800000,247.8100000,248.9400000,10470730
SBER,60,20220218,220000,248.9500000,249.3700000,246.8500000,247.7200000,9871430
SBER,60,20220218,230000,247.7200000,249.9300000,247.5900000,249.3400000,5916690
SBER,60,20220219,000000,249.3700000,250.7100000,248.8000000,250.2800000,5994500
SBER,60,20220221,080000,249.1200000,257.5000000,245.0000000,254.8800000,33242570
SBER,60,20220221,090000,254.8800000,258.3200000,254.3000000,255.3600000,15215650
SBER,60,20220221,100000,255.3600000,257.1000000,254.6000000,256.0000000,8795840
SBER,60,20220221,110000,255.9800000,257.1200000,240.0000000,241.6900000,81672910
SBER,60,20220221,120000,241.7800000,243.4800000,236.1000000,238.6400000,72575780
SBER,60,20220221,130000,238.5800000,240.7900000,236.1000000,237.7800000,30787610
SBER,60,20220221,140000,237.8700000,239.6600000,233.5000000,234.0000000,39885730
SBER,60,20220221,150000,234.0100000,234.2400000,224.5500000,231.0000000,91230170
SBER,60,20220221,160000,231.0900000,233.4400000,226.3800000,227.3600000,57344560
SBER,60,20220221,170000,227.2500000,229.0000000,211.2300000,217.0400000,114149750
SBER,60,20220221,180000,216.8900000,218.4700000,195.2600000,204.7000000,136979720
SBER,60,20220221,190000,204.7800000,219.0900000,201.0000000,208.0000000,108120630
SBER,60,20220221,200000,207.8000000,215.0000000,204.0000000,212.1800000,42842640
SBER,60,20220221,210000,212.1500000,216.7000000,204.7500000,206.2100000,43241870
SBER,60,20220221,220000,206.0100000,206.8800000,195.5000000,196.6000000,61849920
SBER,60,20220221,230000,196.5800000,213.4000000,184.3000000,197.0500000,116138240
SBER,60,20220222,000000,197.3300000,203.9000000,196.6800000,201.0000000,30265540
SBER,60,20220222,080000,198.7200000,204.0000000,188.0000000,198.5900000,38171630
SBER,60,20220222,090000,198.5900000,205.7000000,197.0000000,202.7000000,24303660
SBER,60,20220222,100000,202.5500000,204.2100000,188.2200000,190.0000000,50155550
SBER,60,20220222,110000,190.0000000,194.9400000,182.0300000,188.5400000,114167690
SBER,60,20220222,120000,188.5900000,192.7500000,183.5700000,186.3300000,78876300
SBER,60,20220222,130000,186.3300000,192.9700000,185.7800000,187.3300000,54649820
SBER,60,20220222,140000,187.3400000,193.9000000,186.4000000,191.4300000,43086610
SBER,60,20220222,150000,191.4200000,197.2000000,189.5200000,190.9200000,42159410
SBER,60,20220222,160000,190.8200000,216.0000000,190.5000000,206.3700000,138200740
SBER,60,20220222,170000,206.3600000,209.5000000,203.1000000,208.1000000,41714570
SBER,60,20220222,180000,208.1900000,219.8700000,206.7300000,219.4400000,78705220
SBER,60,20220222,190000,219.3700000,219.9000000,210.0100000,211.0000000,39071390
SBER,60,20220222,200000,209.8800000,209.8800000,198.2500000,201.8500000,67547190
SBER,60,20220222,210000,201.9000000,202.6400000,194.0000000,197.4000000,28949790
SBER,60,20220222,220000,197.4000000,203.9000000,197.1400000,200.6500000,20891520
SBER,60,20220222,230000,200.8000000,214.7500000,198.6600000,208.5400000,64629450
SBER,60,20220223,000000,208.5400000,210.0000000,206.0000000,208.5300000,20661170
SBER,60,20220224,080000,186.5800000,187.5400000,185.9500000,185.9500000,7959740
SBER,60,20220224,100000,185.9500000,185.9500000,185.9500000,185.9500000,265430
SBER,60,20220224,110000,185.9500000,185.9500000,150.1400000,150.1400000,15514090
SBER,60,20220224,120000,150.1400000,150.1400000,89.5900000,89.5900000,42691750
SBER,60,20220224,130000,89.6000000,147.8700000,89.5900000,127.5100000,122185290
SBER,60,20220224,140000,127.5100000,135.0300000,110.0000000,114.8900000,106615830
SBER,60,20220224,150000,114.8900000,115.9000000,105.0000000,105.0800000,76151370
SBER,60,20220224,160000,105.0800000,109.8800000,101.1800000,109.8200000,62137270
SBER,60,20220224,170000,109.8200000,115.0000000,102.0000000,104.4900000,64934960
SBER,60,20220224,180000,104.4900000,113.2400000,102.2500000,111.5400000,50285320
SBER,60,20220224,190000,111.8400000,114.9800000,105.0000000,112.5000000,44416150
SBER,60,20220224,200000,112.5000000,122.7500000,109.0700000,119.2100000,32474850
SBER,60,20220224,210000,119.4300000,129.6100000,112.7000000,126.8600000,30201490
SBER,60,20220224,220000,126.8000000,146.0000000,125.2000000,145.8000000,59613320
SBER,60,20220224,230000,145.8000000,159.6300000,121.9900000,139.9800000,92675610
SBER,60,20220225,000000,139.9800000,140.2800000,131.6000000,132.1800000,20206880
SBER,60,20220225,100000,123.7500000,123.7500000,123.7500000,123.7500000,148020
SBER,60,20220225,110000,124.7000000,152.8900000,123.7500000,148.9900000,39452360
SBER,60,20220225,120000,149.1300000,150.0000000,125.0000000,126.5000000,70209580
SBER,60,20220225,130000,126.4100000,129.6000000,120.5000000,124.5000000,49152660
SBER,60,20220225,140000,124.5000000,125.0000000,118.0000000,120.9400000,31183050
SBER,60,20220225,150000,120.8300000,121.0000000,115.1100000,117.6500000,20429940
SBER,60,20220225,160000,117.9500000,131.8000000,116.3200000,131.7700000,39586380
SBER,60,20220225,170000,131.7700000,136.0000000,127.0000000,130.9900000,50687140
SBER,60,20220225,180000,130.9500000,135.0000000,128.5100000,130.0100000,35985970
SBER,60,20220225,190000,130.0700000,131.5000000,127.2000000,130.5000000,17442470
SBER,60,20220225,200000,130.5000000,133.9900000,130.0000000,130.8200000,10462420
SBER,60,20220225,210000,130.8200000,131.0900000,129.0000000,129.7200000,7454170
SBER,60,20220225,220000,129.7100000,129.9700000,125.5100000,128.0800000,9634020
SBER,60,20220225,230000,128.0200000,129.0500000,127.0000000,127.9900000,5284400
SBER,60,20220226,000000,127.9900000,131.7000000,127.8000000,131.1200000,9174570
SBER,60,20220324,110000,131.0000000,156.2000000,130.1500000,143.2000000,91054390
SBER,60,20220324,120000,143.2000000,149.0000000,140.0000000,140.3300000,27792430
SBER,60,20220324,130000,140.3300000,141.6900000,133.2800000,136.9100000,27218540
SBER,60,20220324,140000,136.9700000,137.6000000,136.2300000,136.2400000,7639910
SBER,60,20220325,110000,137.1000000,147.0000000,128.2000000,131.6500000,36320560
SBER,60,20220325,120000,131.6500000,133.5900000,130.0100000,130.2100000,10240000
SBER,60,20220325,130000,130.1500000,131.8000000,130.0600000,130.8600000,5395550
SBER,60,20220325,140000,130.8100000,132.4400000,130.7800000,131.5000000,5351400
SBER,60,20220328,110000,130.6000000,131.4700000,125.0100000,126.5200000,17968910
SBER,60,20220328,120000,126.5200000,127.0000000,126.0300000,126.4800000,5946660
SBER,60,20220328,130000,126.4800000,127.8000000,126.0000000,126.3700000,4779540
SBER,60,20220328,140000,126.3700000,126.4800000,125.0000000,125.0000000,4061430
SBER,60,20220329,110000,126.1900000,132.7900000,122.0000000,131.9400000,26013050
SBER,60,20220329,120000,131.9400000,137.5700000,131.9400000,136.9200000,22106210
SBER,60,20220329,130000,136.9000000,136.9900000,127.0000000,127.5300000,14938180
SBER,60,20220329,140000,127.5200000,130.1000000,125.8200000,128.7700000,9184920
SBER,60,20220330,110000,136.5000000,138.4000000,131.2700000,133.4800000,14275980
SBER,60,20220330,120000,133.3100000,133.4900000,131.3000000,132.1700000,5960940
SBER,60,20220330,130000,132.1700000,132.8400000,131.1100000,131.9900000,5494640
SBER,60,20220330,140000,131.9900000,134.6000000,131.4100000,134.6000000,9679900
SBER,60,20220331,110000,135.2000000,139.5000000,134.5200000,139.1300000,26459900
SBER,60,20220331,120000,139.1300000,139.3500000,136.3600000,138.7600000,11789930
SBER,60,20220331,130000,138.6600000,141.5300000,138.5000000,139.8000000,19929360
SBER,60,20220331,140000,139.8000000,140.7900000,137.7400000,140.6400000,8350970
SBER,60,20220331,150000,140.6500000,147.4100000,140.1600000,146.3000000,24394360
SBER,60,20220331,160000,146.2500000,146.3000000,141.5200000,141.7400000,10585170
SBER,60,20220331,170000,141.6500000,143.5000000,140.4600000,142.9300000,7022640
SBER,60,20220331,180000,142.8300000,143.6900000,142.0100000,143.5800000,4752930
SBER,60,20220331,190000,143.5800000,144.7600000,143.1800000,143.6900000,4953980
SBER,60,20220401,110000,144.9900000,152.0000000,144.5100000,151.9800000,37432080
SBER,60,20220401,120000,151.9800000,154.5000000,148.5000000,150.8800000,25649370
SBER,60,20220401,130000,150.9500000,153.1000000,150.7100000,151.1500000,10837940
SBER,60,20220401,140000,151.1400000,152.6000000,151.0200000,152.0400000,4458070
SBER,60,20220401,150000,152.1000000,153.5000000,151.5000000,153.4500000,6846030
SBER,60,20220401,160000,153.4500000,153.4600000,151.5000000,152.2300000,5470650
SBER,60,20220401,170000,152.2000000,153.3000000,151.6900000,153.0400000,7081240
SBER,60,20220401,180000,153.1200000,155.4000000,152.8400000,154.6800000,15159670
SBER,60,20220401,190000,154.7000000,154.7000000,153.3500000,154.5000000,5668570
SBER,60,20220404,110000,158.7600000,166.8800000,150.2000000,156.0200000,46875650
SBER,60,20220404,120000,156.3400000,159.9800000,155.4000000,159.0600000,17166450
SBER,60,20220404,130000,159.0300000,163.0000000,158.6400000,162.7000000,12538910
SBER,60,20220404,140000,162.6100000,163.3200000,161.4100000,162.3800000,9089650
SBER,60,20220404,150000,162.3500000,162.3800000,160.3500000,161.2500000,7013000
SBER,60,20220404,160000,161.2300000,162.8500000,161.0000000,162.7400000,4347500
SBER,60,20220404,170000,162.7400000,162.8100000,161.9700000,162.1500000,2893240
SBER,60,20220404,180000,162.2200000,164.0000000,162.1000000,164.0000000,7316110
SBER,60,20220404,190000,164.0000000,166.0000000,163.9900000,166.0000000,8276410
SBER,60,20220405,110000,169.8300000,169.9000000,161.2800000,161.2800000,30807140
SBER,60,20220405,120000,161.3300000,164.4000000,158.1500000,160.6900000,15171950
SBER,60,20220405,130000,160.5300000,161.8000000,157.0000000,159.4700000,15497290
SBER,60,20220405,140000,159.4700000,159.9400000,152.0200000,152.5400000,14702920
SBER,60,20220405,150000,152.7500000,158.0000000,147.7600000,155.7600000,22493510
SBER,60,20220405,160000,155.7600000,159.6900000,155.2200000,156.3600000,15237430
SBER,60,20220405,170000,156.4700000,157.4000000,153.8000000,156.1700000,7432660
SBER,60,20220405,180000,156.0400000,156.5500000,153.1400000,154.1000000,4843160
SBER,60,20220405,190000,154.1000000,156.4700000,153.6000000,154.1000000,3821950
SBER,60,20220406,110000,143.5200000,150.9500000,140.6500000,149.1000000,27754230
SBER,60,20220406,120000,149.1000000,150.7400000,147.2000000,149.2800000,8827450
SBER,60,20220406,130000,149.2800000,153.3000000,149.0600000,152.7400000,10463500
SBER,60,20220406,140000,152.7500000,153.3000000,150.0000000,150.0000000,7379890
SBER,60,20220406,150000,150.0700000,151.2000000,147.8400000,149.6200000,5813900
SBER,60,20220406,160000,149.5600000,151.0900000,149.2100000,150.3400000,3595530
SBER,60,20220406,170000,150.3400000,152.1700000,149.5700000,150.3000000,4649020
SBER,60,20220406,180000,150.3300000,150.8800000,143.1000000,143.3600000,21192780
SBER,60,20220406,190000,143.4700000,144.0000000,141.0000000,141.6000000,18667140
SBER,60,20220407,110000,143.2000000,148.0000000,142.5000000,145.5800000,20691980
SBER,60,20220407,120000,145.5800000,147.8000000,144.8000000,147.4200000,8771500
SBER,60,20220407,130000,147.4200000,149.9000000,146.6100000,146.9700000,8482460
SBER,60,20220407,140000,146.9000000,147.4800000,145.5000000,146.8700000,4281760
SBER,60,20220407,150000,146.8100000,148.1900000,146.0100000,146.1000000,3444210
SBER,60,20220407,160000,146.1100000,147.4000000,146.0000000,146.2500000,2132330
SBER,60,20220407,170000,146.2500000,146.6900000,144.5400000,145.8500000,4060320
SBER,60,20220407,180000,145.9700000,146.4500000,145.2000000,146.1300000,2562980
SBER,60,20220407,190000,146.1000000,147.5500000,145.2600000,147.5000000,4092740
SBER,60,20220408,110000,149.0100000,151.0000000,146.2000000,147.1800000,11106680
SBER,60,20220408,120000,147.1600000,148.3000000,145.3500000,146.1000000,6299650
SBER,60,20220408,130000,146.1200000,147.1200000,145.1500000,146.6400000,4230920
SBER,60,20220408,140000,146.5700000,147.0000000,145.7000000,145.9000000,2644700
SBER,60,20220408,150000,145.8400000,145.9000000,142.2200000,143.7300000,7819870
SBER,60,20220408,160000,143.6500000,143.8000000,141.0600000,142.3700000,7044340
SBER,60,20220408,170000,142.4000000,144.5500000,141.7000000,144.1500000,4701390
SBER,60,20220408,180000,144.1500000,144.7400000,143.5100000,144.4400000,2068830
SBER,60,20220408,190000,144.4500000,145.1900000,143.7200000,143.7200000,2397860
SBER,60,20220411,110000,144.1200000,146.9800000,141.0400000,146.2200000,11982060
SBER,60,20220411,120000,146.2200000,146.3000000,144.0000000,144.4700000,4214350
SBER,60,20220411,130000,144.4700000,144.7000000,143.0000000,143.0200000,3138000
SBER,60,20220411,140000,143.0500000,143.8000000,142.7600000,143.1800000,2341540
SBER,60,20220411,150000,143.2500000,143.2500000,141.6000000,141.7300000,3031940
SBER,60,20220411,160000,141.6700000,143.3700000,141.6700000,141.9000000,2854590
SBER,60,20220411,170000,141.8700000,142.4000000,139.0000000,139.2500000,10328920
SBER,60,20220411,180000,139.3600000,140.4000000,139.0000000,139.5500000,6175120
SBER,60,20220411,190000,139.5500000,139.8500000,138.5000000,138.6900000,3415820
SBER,60,20220412,110000,138.8400000,140.1000000,131.5000000,132.4000000,26113210
SBER,60,20220412,120000,132.3900000,134.4400000,130.3500000,132.3600000,15922810
SBER,60,20220412,130000,132.3800000,133.5000000,130.6500000,131.0200000,6145390
SBER,60,20220412,140000,131.0200000,132.1500000,130.7100000,131.9400000,4985940
SBER,60,20220412,150000,131.9400000,132.8000000,131.5200000,132.7000000,3473310
SBER,60,20220412,160000,132.6800000,134.5000000,132.2200000,134.1600000,4783330
SBER,60,20220412,170000,134.1600000,134.9000000,132.8000000,134.4500000,4723560
SBER,60,20220412,180000,134.4500000,135.5000000,134.4000000,135.2700000,6103210
SBER,60,20220412,190000,135.3400000,135.3800000,134.6100000,135.3800000,3091360
SBER,60,20220413,110000,136.7800000,138.1400000,134.5000000,135.6500000,14361440
SBER,60,20220413,120000,135.6500000,135.7900000,133.5700000,134.0000000,4573770
SBER,60,20220413,130000,133.9300000,134.7500000,132.7200000,134.0200000,4428970
SBER,60,20220413,140000,134.1000000,135.6100000,133.8000000,134.4600000,3186140
SBER,60,20220413,150000,134.4600000,135.8500000,134.2300000,135.3600000,2764360
SBER,60,20220413,160000,135.3600000,135.5000000,133.4700000,134.1600000,3774080
SBER,60,20220413,170000,134.1700000,134.7600000,133.6000000,134.5000000,2010800
SBER,60,20220413,180000,134.4900000,135.2700000,134.4500000,135.0600000,1754640
SBER,60,20220413,190000,135.0500000,135.5000000,134.5800000,135.5000000,2093440
SBER,60,20220414,110000,135.7000000,135.8900000,132.2400000,133.0800000,10603130
SBER,60,20220414,120000,133.0000000,133.9000000,132.6000000,133.1100000,3426940
SBER,60,20220414,130000,133.1100000,133.4600000,132.6000000,133.2900000,2636700
SBER,60,20220414,140000,133.2900000,133.7400000,132.8200000,133.1900000,1889380
SBER,60,20220414,150000,133.1900000,133.2000000,131.5300000,132.1200000,4393050
SBER,60,20220414,160000,132.0500000,132.4100000,130.7000000,131.2200000,4495190
SBER,60,20220414,170000,131.2800000,131.6300000,130.1000000,130.4200000,5187110
SBER,60,20220414,180000,130.4100000,131.3500000,130.1300000,131.0000000,3427770
SBER,60,20220414,190000,131.0000000,131.0000000,129.0500000,129.0500000,8146770
SBER,60,20220415,110000,128.5500000,129.3000000,125.1200000,128.4400000,15582560
SBER,60,20220415,120000,128.4400000,131.7200000,128.1100000,129.9300000,10013370
SBER,60,20220415,130000,129.9200000,130.2200000,128.3800000,128.9300000,3840550
SBER,60,20220415,140000,128.9300000,129.0000000,127.5200000,128.3900000,3584620
SBER,60,20220415,150000,128.4700000,130.7300000,128.2100000,130.7300000,3262660
SBER,60,20220415,160000,130.7200000,130.7500000,128.7800000,130.3600000,3384060
SBER,60,20220415,170000,130.3600000,130.4500000,129.0000000,129.5900000,1846530
SBER,60,20220415,180000,129.5900000,130.9900000,129.3500000,130.9900000,2521400
SBER,60,20220415,190000,130.9900000,130.9900000,130.1100000,130.8800000,2657740
SBER,60,20220418,110000,131.4500000,132.6800000,126.3100000,127.8700000,18354360
SBER,60,20220418,120000,127.8600000,128.7800000,126.8100000,127.1500000,5576670
SBER,60,20220418,130000,127.1500000,127.7200000,126.1600000,126.4400000,5389120
SBER,60,20220418,140000,126.4000000,127.2000000,126.0100000,126.4400000,3368140
SBER,60,20220418,150000,126.4400000,126.7700000,125.5700000,125.9600000,5375330
SBER,60,20220418,160000,125.9500000,126.4400000,125.5600000,125.7600000,2861650
SBER,60,20220418,170000,125.7700000,126.9800000,125.6800000,125.8500000,2976110
SBER,60,20220418,180000,125.9100000,125.9800000,124.2000000,124.9900000,8652410
SBER,60,20220418,190000,124.9900000,125.1000000,123.7000000,123.8500000,5777640
SBER,60,20220419,110000,123.8500000,123.8500000,119.6600000,121.8500000,19668400
SBER,60,20220419,120000,121.7800000,122.9400000,120.4000000,120.8800000,6411150
SBER,60,20220419,130000,120.8800000,121.3400000,120.1300000,121.2000000,3938000
SBER,60,20220419,140000,121.2500000,121.3900000,118.2000000,118.7400000,7833200
SBER,60,20220419,150000,118.7100000,118.8700000,115.3600000,115.5800000,12746360
SBER,60,20220419,160000,115.5800000,119.4000000,115.4200000,119.0000000,10729480
SBER,60,20220419,170000,119.0000000,120.3000000,117.6000000,117.9200000,8210730
SBER,60,20220419,180000,117.9800000,120.8000000,117.8000000,119.7700000,5599520
SBER,60,20220419,190000,119.7100000,120.7500000,119.7000000,120.3000000,4660800
SBER,60,20220420,110000,120.9000000,122.0000000,117.5100000,119.2700000,10475730
SBER,60,20220420,120000,119.2700000,122.3700000,118.1200000,122.1000000,8988770
SBER,60,20220420,130000,122.1000000,124.8200000,121.6200000,123.9000000,15093030
SBER,60,20220420,140000,123.9100000,124.5000000,122.6700000,124.4800000,5882520
SBER,60,20220420,150000,124.4800000,125.4400000,122.8200000,123.9000000,9259270
SBER,60,20220420,160000,123.8900000,124.3000000,122.8000000,123.4000000,3860400
SBER,60,20220420,170000,123.4000000,124.0600000,121.6700000,122.0700000,4157080
SBER,60,20220420,180000,122.0400000,122.4300000,120.2000000,120.7500000,6726410
SBER,60,20220420,190000,120.7200000,121.8700000,120.3700000,121.5000000,2066530
SBER,60,20220421,110000,121.9700000,123.0500000,117.8500000,119.1000000,12844250
SBER,60,20220421,120000,119.0900000,120.6200000,118.1200000,119.6900000,6366050
SBER,60,20220421,130000,119.6400000,121.2000000,119.4800000,120.0500000,5507720
SBER,60,20220421,140000,120.0000000,120.7700000,119.6000000,120.3500000,2139560
SBER,60,20220421,150000,120.3500000,120.5000000,119.1700000,120.5000000,2298710
SBER,60,20220421,160000,120.4100000,120.7000000,119.7000000,120.0000000,1780200
SBER,60,20220421,170000,120.0000000,120.4000000,119.2000000,119.4500000,2299080
SBER,60,20220421,180000,119.3600000,119.7800000,118.0000000,118.3600000,4945190
SBER,60,20220421,190000,118.3700000,119.3400000,118.3000000,118.6500000,2426540
SBER,60,20220422,110000,118.6900000,122.3200000,116.5500000,121.1500000,16180500
SBER,60,20220422,120000,121.1400000,121.2400000,118.2200000,118.4200000,8801140
SBER,60,20220422,130000,118.4500000,118.8000000,117.1500000,117.9400000,4666790
SBER,60,20220422,140000,117.9300000,117.9900000,116.6100000,117.3000000,6320570
SBER,60,20220422,150000,117.3000000,118.4800000,116.7000000,116.7000000,4929820
SBER,60,20220422,160000,116.7000000,116.9500000,115.9200000,116.5000000,5322070
SBER,60,20220422,170000,116.5000000,117.6800000,115.5500000,116.9500000,5202930
SBER,60,20220422,180000,116.9400000,117.1500000,116.0000000,116.9000000,2605210
SBER,60,20220422,190000,116.9000000,117.6000000,116.5300000,116.9700000,3363440
SBER,60,20220425,110000,115.9500000,116.4000000,112.8400000,113.5700000,13167540
SBER,60,20220425,120000,113.5000000,114.2400000,111.6000000,111.6200000,8428560
SBER,60,20220425,130000,111.6200000,113.7400000,111.6000000,113.2300000,4969860
SBER,60,20220425,140000,113.2200000,113.6800000,111.8100000,112.1300000,4243830
SBER,60,20220425,150000,112.2100000,112.6200000,111.5000000,112.4600000,3461830
SBER,60,20220425,160000,112.4600000,113.2000000,111.7700000,112.9800000,2989160
SBER,60,20220425,170000,112.9900000,113.3800000,112.3000000,112.8500000,2788420
SBER,60,20220425,180000,112.8600000,113.3000000,112.0700000,112.2000000,2858030
SBER,60,20220425,190000,112.2000000,112.6400000,111.8100000,111.9000000,2807050
SBER,60,20220426,110000,112.5800000,115.3800000,111.9000000,115.0800000,19627960
SBER,60,20220426,120000,115.0800000,116.1400000,114.3500000,114.4900000,9054670
SBER,60,20220426,130000,114.4900000,115.4500000,114.3200000,115.4500000,3165730
SBER,60,20220426,140000,115.4500000,117.1000000,114.9400000,116.7300000,6878280
SBER,60,20220426,150000,116.7700000,117.3800000,116.4900000,116.5000000,4830440
SBER,60,20220426,160000,116.4900000,119.3500000,116.4900000,118.8500000,8069700
SBER,60,20220426,170000,118.8500000,120.3800000,117.9500000,120.0900000,8084960
SBER,60,20220426,180000,120.1000000,124.9200000,119.6200000,124.7200000,12846540
SBER,60,20220426,190000,124.8400000,124.9200000,120.3300000,122.3600000,10922400
SBER,60,20220427,110000,123.0100000,129.9800000,120.6000000,129.1200000,35129140
SBER,60,20220427,120000,129.1200000,129.1200000,124.7700000,125.1800000,11970700
SBER,60,20220427,130000,125.1000000,128.4000000,125.0600000,125.8900000,11512740
SBER,60,20220427,140000,125.8800000,128.7800000,125.8000000,128.6900000,5125470
SBER,60,20220427,150000,128.6400000,129.1300000,127.6500000,128.1900000,7077270
SBER,60,20220427,160000,128.1900000,131.3000000,128.1300000,131.1700000,15933350
SBER,60,20220427,170000,131.1700000,131.7300000,130.4500000,130.7900000,12049710
SBER,60,20220427,180000,130.7100000,131.5500000,130.0000000,130.9000000,9987420
SBER,60,20220427,190000,130.8700000,131.5000000,130.5800000,131.1100000,6614420
SBER,60,20220428,110000,132.1400000,134.5000000,131.0000000,131.8300000,32932710
SBER,60,20220428,120000,131.8900000,132.4400000,130.8500000,131.9600000,8823380
SBER,60,20220428,130000,131.9800000,133.4700000,131.9700000,133.4700000,7098690
SBER,60,20220428,140000,133.4700000,133.8600000,131.2000000,131.3000000,10136250
SBER,60,20220428,150000,131.3000000,131.9000000,126.2600000,127.6900000,21351830
SBER,60,20220428,160000,127.7400000,127.9500000,125.4200000,126.1200000,15543070
SBER,60,20220428,170000,126.2000000,127.8500000,125.8000000,125.8700000,10714790
SBER,60,20220428,180000,125.8700000,126.9900000,124.1500000,124.2100000,10226820
SBER,60,20220428,190000,124.2600000,124.8700000,123.0500000,123.8500000,6516950
SBER,60,20220429,110000,123.6000000,126.7400000,122.8000000,123.8000000,20029630
SBER,60,20220429,120000,123.7800000,126.4000000,123.6000000,125.8100000,10727760
SBER,60,20220429,130000,125.8200000,127.5600000,124.6200000,125.3100000,8853980
SBER,60,20220429,140000,125.3700000,127.7700000,125.2600000,127.1000000,8699820
SBER,60,20220429,150000,127.1400000,129.0800000,126.6900000,128.1400000,10306490
SBER,60,20220429,160000,128.1500000,128.7900000,127.7300000,128.0700000,5097820
SBER,60,20220429,170000,128.1300000,128.5000000,125.8100000,127.5500000,8469100
SBER,60,20220429,180000,127.3500000,130.0000000,127.3000000,128.5900000,10953640
SBER,60,20220429,190000,128.7000000,129.1700000,128.1100000,128.8000000,4158050
SBER,60,20220504,110000,129.1000000,131.5000000,125.7700000,127.0000000,17793280
SBER,60,20220504,120000,127.0500000,127.5000000,123.6000000,123.9500000,13508120
SBER,60,20220504,130000,123.8900000,126.2300000,123.6000000,125.4400000,6536410
SBER,60,20220504,140000,125.4400000,126.2100000,124.6100000,125.3500000,3540730
SBER,60,20220504,150000,125.3500000,125.5500000,123.7200000,124.2700000,5530510
SBER,60,20220504,160000,124.2000000,125.3700000,123.7000000,124.4600000,4707960
SBER,60,20220504,170000,124.4200000,124.4700000,122.5000000,123.0900000,9032190
SBER,60,20220504,180000,123.0800000,123.6100000,122.6000000,122.7000000,3359570
SBER,60,20220504,190000,122.7000000,123.3000000,122.6700000,123.2000000,3168670
SBER,60,20220505,110000,124.2100000,125.5400000,123.5000000,123.8400000,13114790
SBER,60,20220505,120000,123.8300000,124.4100000,122.7500000,123.4100000,4827060
SBER,60,20220505,130000,123.4600000,123.9500000,123.0000000,123.6300000,2900850
SBER,60,20220505,140000,123.6200000,124.9000000,123.5600000,124.5100000,5635340
SBER,60,20220505,150000,124.5300000,125.0900000,124.2500000,124.5900000,4026530
SBER,60,20220505,160000,124.5500000,124.5800000,123.8800000,124.2200000,3306310
SBER,60,20220505,170000,124.2000000,124.5800000,123.9200000,124.1800000,2729560
SBER,60,20220505,180000,124.1800000,124.9700000,124.0000000,124.2900000,2773190
SBER,60,20220505,190000,124.3000000,124.8000000,124.2500000,124.8000000,2989720
SBER,60,20220506,110000,124.7400000,124.9900000,121.5200000,122.4600000,9430400
SBER,60,20220506,120000,122.4200000,123.2700000,121.9000000,122.5300000,3760250
SBER,60,20220506,130000,122.4700000,123.0000000,122.0000000,122.2700000,2522840
SBER,60,20220506,140000,122.2100000,122.5700000,122.0100000,122.4200000,1272240
SBER,60,20220506,150000,122.4200000,122.9800000,122.2100000,122.6700000,1683320
SBER,60,20220506,160000,122.6900000,123.9500000,122.5300000,123.3700000,6797020
SBER,60,20220506,170000,123.3700000,123.4400000,122.7200000,123.0100000,1726060
SBER,60,20220506,180000,123.0400000,123.1600000,122.7400000,122.9000000,1335320
SBER,60,20220506,190000,122.9000000,123.2200000,122.8100000,123.1000000,2031450
SBER,60,20220511,110000,123.0100000,126.0500000,121.8600000,124.7500000,12292950
SBER,60,20220511,120000,124.7000000,125.7000000,123.7000000,124.3100000,5285530
SBER,60,20220511,130000,124.3100000,124.6700000,123.5000000,123.8100000,2730810
SBER,60,20220511,140000,123.8100000,124.4000000,123.6400000,123.9500000,2004250
SBER,60,20220511,150000,123.9200000,124.3900000,123.7000000,123.8000000,1586940
SBER,60,20220511,160000,123.8000000,123.8600000,122.6200000,122.7000000,2982460
SBER,60,20220511,170000,122.7000000,123.4000000,122.5900000,122.8900000,1835730
SBER,60,20220511,180000,122.8500000,123.5800000,122.5600000,123.1700000,2450350
SBER,60,20220511,190000,123.1700000,123.8900000,123.0500000,123.3400000,1607660
SBER,60,20220512,110000,123.1000000,123.7400000,121.7200000,122.2500000,6586580
SBER,60,20220512,120000,122.2500000,123.4800000,122.0000000,122.8700000,4253980
SBER,60,20220512,130000,122.9000000,123.0000000,122.3000000,122.4800000,1034410
SBER,60,20220512,140000,122.4800000,123.2000000,122.4000000,122.6200000,1260530
SBER,60,20220512,150000,122.6300000,122.9400000,122.4100000,122.4300000,793140
SBER,60,20220512,160000,122.4300000,122.5800000,120.7500000,120.8600000,4144490
SBER,60,20220512,170000,120.8600000,121.2700000,118.6000000,119.1600000,6876910
SBER,60,20220512,180000,119.1600000,120.3000000,118.0500000,120.0000000,4370280
SBER,60,20220512,190000,120.0000000,120.2000000,119.1100000,119.1500000,1497570
SBER,60,20220513,110000,120.4500000,120.7900000,118.2000000,119.4000000,6442430
SBER,60,20220513,120000,119.4000000,119.7000000,118.8000000,119.3700000,1567480
SBER,60,20220513,130000,119.3800000,121.5900000,119.1500000,121.1100000,4981970
SBER,60,20220513,140000,121.1000000,121.2000000,120.1700000,120.5000000,1467740
SBER,60,20220513,150000,120.4300000,120.8000000,119.5500000,120.3500000,2663490
SBER,60,20220513,160000,120.3700000,120.5400000,119.9000000,120.0500000,1024210
SBER,60,20220513,170000,120.0900000,120.4500000,120.0000000,120.3900000,1159780
SBER,60,20220513,180000,120.4000000,121.1900000,120.1700000,121.0000000,1848830
SBER,60,20220513,190000,120.9900000,121.0000000,120.2000000,120.2000000,1606720
SBER,60,20220516,110000,120.7000000,123.0000000,119.5000000,121.4700000,8823190
SBER,60,20220516,120000,121.4100000,121.8600000,120.8000000,121.2300000,2231530
SBER,60,20220516,130000,121.2300000,122.3500000,120.8900000,121.8400000,2772260
SBER,60,20220516,140000,121.8400000,122.2800000,121.4000000,121.8500000,1980520
SBER,60,20220516,150000,121.9000000,123.0000000,121.7700000,122.9800000,3965280
SBER,60,20220516,160000,122.9500000,123.5000000,122.7000000,123.3500000,7540400
SBER,60,20220516,170000,123.4100000,123.5000000,122.0000000,122.7400000,3302550
SBER,60,20220516,180000,122.7500000,123.3600000,122.6600000,122.9700000,2416540
SBER,60,20220516,190000,122.9300000,123.4200000,122.8500000,123.4100000,1856910
SBER,60,20220517,110000,124.0100000,125.0000000,123.6500000,124.1000000,6133590
SBER,60,20220517,120000,124.1000000,126.9000000,124.0500000,126.7500000,9390710
SBER,60,20220517,130000,126.7400000,127.1900000,125.8200000,125.9400000,5257080
SBER,60,20220517,140000,126.0000000,126.4700000,125.3100000,125.9400000,3568160
SBER,60,20220517,150000,125.9400000,126.6000000,125.6000000,126.3200000,2332950
SBER,60,20220517,160000,126.3900000,126.4200000,126.0000000,126.1100000,2287550
SBER,60,20220517,170000,126.1100000,127.4000000,126.0000000,126.9800000,6941310
SBER,60,20220517,180000,126.9800000,127.1500000,126.6000000,127.0000000,2807020
SBER,60,20220517,190000,127.0000000,127.7800000,127.0000000,127.7500000,3120470
SBER,60,20220518,110000,128.2000000,129.7700000,128.0000000,129.2500000,11070130
SBER,60,20220518,120000,129.2500000,131.3000000,128.8500000,131.0400000,10547150
SBER,60,20220518,130000,131.0300000,131.0700000,129.8000000,130.2500000,4916360
SBER,60,20220518,140000,130.2100000,130.3500000,129.5500000,129.9100000,2211480
SBER,60,20220518,150000,129.9100000,130.0000000,128.8500000,128.8500000,4459710
SBER,60,20220518,160000,128.8600000,129.5200000,128.8500000,129.0000000,2529120
SBER,60,20220518,170000,129.0500000,129.2500000,126.8400000,127.1300000,8396960
SBER,60,20220518,180000,127.1000000,127.9900000,125.8000000,126.3000000,6389470
SBER,60,20220518,190000,126.3000000,126.3000000,125.0000000,125.1200000,4902030
SBER,60,20220519,110000,125.3100000,126.0000000,123.2100000,124.4000000,10716790
SBER,60,20220519,120000,124.4000000,126.8600000,124.3000000,125.0600000,7518890
SBER,60,20220519,130000,125.0600000,125.7200000,124.3000000,124.9600000,3399620
SBER,60,20220519,140000,124.9700000,126.0000000,124.5000000,125.3400000,2131940
SBER,60,20220519,150000,125.3500000,125.8000000,124.1500000,124.1900000,2632540
SBER,60,20220519,160000,124.1900000,126.4900000,124.1800000,125.1500000,3015380
SBER,60,20220519,170000,125.1500000,125.8000000,124.8000000,125.1700000,1864670
SBER,60,20220519,180000,125.1800000,125.9100000,125.1000000,125.5800000,1612810
SBER,60,20220519,190000,125.5900000,125.7900000,125.3200000,125.6000000,1253670
SBER,60,20220520,110000,126.0700000,127.0000000,124.2400000,124.7800000,9183620
SBER,60,20220520,120000,124.8200000,125.2000000,123.7500000,124.3700000,5216580
SBER,60,20220520,130000,124.3800000,124.7900000,124.0000000,124.2900000,2131290
SBER,60,20220520,140000,124.3300000,124.6000000,123.5500000,124.5100000,2403070
SBER,60,20220520,150000,124.5500000,124.6200000,122.7500000,122.9300000,2995910
SBER,60,20220520,160000,122.9000000,123.1900000,121.7500000,122.0800000,6060800
SBER,60,20220520,170000,122.0200000,122.4900000,121.0500000,122.1500000,4393170
SBER,60,20220520,180000,122.1500000,122.7000000,121.5000000,121.5000000,3673720
SBER,60,20220520,190000,121.5600000,122.5000000,121.3000000,122.2000000,3167710
SBER,60,20220523,110000,121.5100000,122.2500000,120.1000000,121.5000000,11680910
SBER,60,20220523,120000,121.5300000,122.5000000,121.0000000,122.2700000,6009330
SBER,60,20220523,130000,122.2700000,122.4900000,120.6000000,120.6600000,3721340
SBER,60,20220523,140000,120.6600000,121.2000000,120.2700000,121.0000000,2158890
SBER,60,20220523,150000,121.0000000,121.3600000,120.3000000,120.4400000,2672950
SBER,60,20220523,160000,120.4400000,121.0000000,119.6400000,120.1900000,4207050
SBER,60,20220523,170000,120.2100000,120.5600000,119.8500000,119.9200000,1693170
SBER,60,20220523,180000,119.8600000,120.1900000,118.9000000,119.0500000,4129290
SBER,60,20220523,190000,119.0400000,119.7000000,119.0400000,119.4600000,1438100
SBER,60,20220524,110000,119.4500000,119.7700000,117.5100000,117.5600000,6955860
SBER,60,20220524,120000,117.6000000,118.4900000,117.1000000,118.2600000,3546650
SBER,60,20220524,130000,118.2500000,118.4900000,117.3000000,117.8600000,2222340
SBER,60,20220524,140000,117.8600000,118.9500000,117.7700000,118.6900000,2359640
SBER,60,20220524,150000,118.6900000,122.0000000,118.6100000,120.8700000,7638650
SBER,60,20220524,160000,120.8200000,122.3000000,120.1400000,121.9100000,4388700
SBER,60,20220524,170000,121.9800000,125.0000000,121.9300000,124.0000000,9747320
SBER,60,20220524,180000,124.0000000,124.3400000,122.0000000,123.0600000,4624230
SBER,60,20220524,190000,123.0600000,124.1700000,123.0300000,123.6000000,3607870
SBER,60,20220525,110000,124.1200000,125.5000000,122.1200000,123.1000000,12618460
SBER,60,20220525,120000,123.1100000,123.7000000,121.3000000,122.4200000,5822250
SBER,60,20220525,130000,122.3800000,122.4200000,121.0600000,121.4500000,3322490
SBER,60,20220525,140000,121.4500000,122.5900000,121.0500000,121.6100000,3626620
SBER,60,20220525,150000,121.6200000,121.8500000,120.6200000,120.8300000,3586240
SBER,60,20220525,160000,120.8000000,123.5600000,120.5000000,123.4000000,8489450
SBER,60,20220525,170000,123.4000000,125.1000000,123.4000000,124.2000000,8974850
SBER,60,20220525,180000,124.2100000,124.8800000,123.7200000,124.2700000,3687630
SBER,60,20220525,190000,124.3000000,124.8100000,123.6000000,124.1500000,3338840
SBER,60,20220526,110000,124.8100000,125.9900000,123.6600000,125.1300000,15010390
SBER,60,20220526,120000,125.1000000,125.6100000,124.2000000,124.5000000,4999810
SBER,60,20220526,130000,124.5000000,125.3800000,124.3600000,125.1900000,3192210
SBER,60,20220526,140000,125.1000000,125.2500000,122.3300000,122.9500000,7834440
SBER,60,20220526,150000,122.9500000,123.4900000,122.0000000,122.9100000,5130180
SBER,60,20220526,160000,122.9200000,123.8100000,122.5600000,122.7100000,2823670
SBER,60,20220526,170000,122.7600000,122.8700000,122.0000000,122.1800000,3617690
SBER,60,20220526,180000,122.1800000,123.4400000,122.0100000,123.2100000,5601150
SBER,60,20220526,190000,123.2000000,123.3000000,122.7000000,123.0000000,3684200
